country_code,country_name,iban,length,bban,currency,sepa
AD,Andorra,AD5786661501O0A3ELKZ7ALD,24,8n12c,EUR,true
AE,United Arab Emirates,AE325624893265605688223,23,3n16n,AED,false
AL,Albania,AL8873153271O7KSM5F8JAVJ29OA,28,8n16c,ALL,false
AT,Austria,AT029578183170814353,20,16n,EUR,true
AZ,Azerbaijan,AZ93JRRD7K8JLBQG97F5QF0DJ318,28,4a20c,AZN,false
BA,Bosnia and Herzegovina,BA278275208623069787,20,16n,BAM,false
BE,Belgium,BE23902158642684,16,12n,EUR,true
BG,Bulgaria,BG60HMRL956588E8F1WL7T,22,4a6n8c,BGN,true
BH,Bahrain,BH26DXWQSVLXVTBKYF4YE5,22,4a14c,BHD,false
BI,Burundi,BI5001598996185717261688110,27,5n5n11n2n,BIF,false
BR,Brazil,BR4871366004184910265463548TH,29,23n1a1c,BRL,false
BY,Belarus,BY52FXLX6806IQC9V7YH0EBIXDB5,28,4c4n16c,BYN,false
CH,Switzerland,CH41321332YMVJWSU9AMX,21,5n12c,CHF,true
CR,Costa Rica,CR52125289914510409551,22,18n,CRC,false
CY,Cyprus,CY11815765406EQM5BWTLDDZO50S,28,8n16c,EUR,true
CZ,Czechia,CZ3461699586378099729342,24,20n,CZK,true
DE,Germany,DE25227201758171874439,22,18n,EUR,true
DJ,Djibouti,DJ9790683246635250292638314,27,23n,DJF,false
DK,Denmark,DK9283917459753719,18,14n,DKK,true
DO,Dominican Republic,DO10A8WD53788071086325482994,28,4c20n,DOP,false
EE,Estonia,EE716790753248584703,20,16n,EUR,true
EG,Egypt,EG412890118076211110329680977,29,25n,EGP,false
ES,Spain,ES7282590092187700089249,24,20n,EUR,true
FI,Finland,FI5718025368815485,18,14n,EUR,true
FK,Falkland Islands,FK93IZ619287090890,18,2a12n,FKP,false
FO,Faroe Islands,FO5577344684123084,18,14n,DKK,false
FR,France,FR334562636416JJOOOZQTFLT04,27,10n11c2n,EUR,true
GB,United Kingdom,GB84XDSF39285227590702,22,4a14n,GBP,true
GE,Georgia,GE27EA7367579429544523,22,2a16n,GEL,false
GI,Gibraltar,GI28UXZCTDOV4VM4YAH22QR,23,4a15c,GIP,true
GL,Greenland,GL2254012886307396,18,14n,DKK,false
GR,Greece,GR483836882V8WB8OK3VYDYSA6M,27,7n16c,EUR,true
GT,Guatemala,GT26J76IKLRU2L4I08U0V3KTGUJG,28,4c20c,GTQ,false
HR,Croatia,HR7061405594539461572,21,17n,EUR,true
HU,Hungary,HU40031043712374022505949004,28,24n,HUF,true
IE,Ireland,IE48VBOB98945076157988,22,4a14n,EUR,true
IL,Israel,IL595738654663440934163,23,19n,ILS,false
IQ,Iraq,IQ12UQMH154624193934475,23,4a15n,IQD,false
IS,Iceland,IS523785461773939636480399,26,22n,ISK,true
IT,Italy,IT02R5452119699XIKUL8M3N286,27,1a10n12c,EUR,true
JO,Jordan,JO77DXEV1901BUFB3RS8AZFR3G3717,30,4a4n18c,JOD,false
KW,Kuwait,KW55LBUPK9E16885DOPZTDPIAV0K5B,30,4a22c,KWD,false
KZ,Kazakhstan,KZ89063UN8MQ7HNPQJ9B,20,3n13c,KZT,false
LB,Lebanon,LB292935RZ8SJUCXW8S1GVHI8Z63,28,4n20c,LBP,false
LC,Saint Lucia,LC81HBLWRK2KM1DW1HV0WF191MZ4R6KP,32,4a24c,XCD,false
LI,Liechtenstein,LI2892589VVMTR5H418JK,21,5n12c,CHF,true
LT,Lithuania,LT540186492677723249,20,16n,EUR,true
LU,Luxembourg,LU05609N5CATE0JKPNMX,20,3n13c,EUR,true
LV,Latvia,LV72UPAUDYCAMFRRS8PJE,21,4a13c,EUR,true
LY,Libya,LY39906833215727677065100,25,21n,LYD,false
MC,Monaco,MC665340413905Z50SR4CTWC541,27,10n11c2n,EUR,true
MD,Moldova,MD96TGCA0SDAPTZEOHQR8IFX,24,2c18c,MDL,false
ME,Montenegro,ME06875741909099836186,22,18n,EUR,false
MK,North Macedonia,MK18340S53SW4ITPD00,19,3n10c2n,MKD,false
MN,Mongolia,MN223930645945696815,20,4n12n,MNT,false
MR,Mauritania,MR6906101415863045400852562,27,23n,MRU,false
MT,Malta,MT10EMRH05722O5KL92BD78V1AODETA,31,4a5n18c,EUR,true
MU,Mauritius,MU77YTUA7639913333658000734ONS,30,4a19n3a,MUR,false
MZ,Mozambique,MZ22345345552057308648351,25,21n,MZN,false
NI,Nicaragua,NI22WXEI79981745543726516792,28,4a20n,NIO,false
NL,Netherlands,NL46UCNO5397780809,18,4a10n,EUR,true
NO,Norway,NO8835268102162,15,11n,NOK,true
OM,Oman,OM84238WNOYFEH91G4PVX6G,23,3n16c,OMR,false
PK,Pakistan,PK55NOUWOA6A8RVIMJDPMBFG,24,4a16c,PKR,false
PL,Poland,PL14663687634847370304819668,28,24n,PLN,true
PS,Palestine,PS14RWTEXZ3CT8ZGTH50YL6W1T5X0,29,4a21c,ILS,false
PT,Portugal,PT77573458557687535960198,25,21n,EUR,true
QA,Qatar,QA59LBRZD92KKVMZGJ43HOM040ALG,29,4a21c,QAR,false
RO,Romania,RO47BSWVSC88NKVL3M8Q4ILE,24,4a16c,RON,true
RS,Serbia,RS62876361463601997543,22,18n,RSD,false
RU,Russia,RU09602769743142393OTUV9CV70T1L6J,33,14n15c,RUB,false
SA,Saudi Arabia,SA3369J6AVFBE07AWY1BQ8DH,24,2n18c,SAR,false
SC,Seychelles,SC10TMFW89164073541875821705XHD,31,4a20n3a,SCR,false
SD,Sudan,SD3350273996320523,18,14n,SDG,false
SE,Sweden,SE1641098802717587629575,24,20n,SEK,true
SI,Slovenia,SI08099971817445630,19,15n,EUR,true
SK,Slovakia,SK4543257005558200349338,24,20n,EUR,true
SM,San Marino,SM90E947128596650L9BTRL0N03,27,1a10n12c,EUR,true
ST,Sao Tome and Principe,ST15410764762043356284785,25,21n,STN,false
SV,El Salvador,SV43RYRW63120153531599193615,28,4a20n,USD,false
TL,Timor-Leste,TL542444332391301576981,23,19n,USD,false
TN,Tunisia,TN5002502902412988064076,24,20n,TND,false
TR,Turkey,TR5064180XAKD4P14A43S54QL7,26,5n17c,TRY,false
UA,Ukraine,UA42370459RZY9CL17SA149LRBACB,29,6n19c,UAH,false
VA,Vatican City,VA42715238343248953259,22,18n,EUR,true
VG,British Virgin Islands,VG46XHNW0451712448224300,24,4a16n,USD,false
XK,Kosovo,XK424220952396233767,20,16n,EUR,false
AD,Andorra,AD0625871919Z3PPO16B4H66,24,8n12c,EUR,true
AE,United Arab Emirates,AE836159203443611599851,23,3n16n,AED,false
AL,Albania,AL3874832692XEDMXOKCLZXW278K,28,8n16c,ALL,false
AT,Austria,AT045507775568366581,20,16n,EUR,true
AZ,Azerbaijan,AZ56TTZWGZDYTI57PLLQ6E51AYDL,28,4a20c,AZN,false
BA,Bosnia and Herzegovina,BA297216996255166179,20,16n,BAM,false
BE,Belgium,BE64630373209374,16,12n,EUR,true
BG,Bulgaria,BG78CJJP348430VBAR82Q0,22,4a6n8c,BGN,true
BH,Bahrain,BH46LYDSTFD1CDUPVG9RVC,22,4a14c,BHD,false
BI,Burundi,BI2290784003029643073314766,27,5n5n11n2n,BIF,false
BR,Brazil,BR9188320392664043699487541R6,29,23n1a1c,BRL,false
BY,Belarus,BY600HXY6843U82USG972562BOUX,28,4c4n16c,BYN,false
CH,Switzerland,CH8656025T3QUPUDBOVW9,21,5n12c,CHF,true
